epsiode,reward,steps,score,max_height,height_climbed,terminated,truncated,time_alive,platforms_visited,episode
0,2896.024975833335,699,14,199,401,1,0,11.65,20,1
0,2896.024975833335,699,14,199,401,1,0,11.65,20,2
0,2896.024975833335,699,14,199,401,1,0,11.65,20,3
0,2896.024975833335,699,14,199,401,1,0,11.65,20,4
0,2896.024975833335,699,14,199,401,1,0,11.65,20,5
