epsiode,reward,steps,score,max_height,height_climbed,terminated,truncated,time_alive,platforms_visited,episode
0,7225.509389166665,2000,9,215,385,1,0,33.333333333333336,15,1
0,7225.509389166665,2000,9,215,385,1,0,33.333333333333336,15,2
0,7225.509389166665,2000,9,215,385,1,0,33.333333333333336,15,3
0,7225.509389166665,2000,9,215,385,1,0,33.333333333333336,15,4
0,7225.509389166665,2000,9,215,385,1,0,33.333333333333336,15,5
